-- ผู้ใช้งานมีแบบสมัครสมาชิกและไม่สมัครสมาชิก
INSERT INTO USER
VALUES
      ('6410406878000','0948576867','ศรันย์ภวัต','	โพธิ์สร้อย','sarunpawat.p@ku.th','#Icekung52','yes'),
      ('1410406860001','0899947785','ศรชัย','สมบูรณ์','sornchaiSB@gmail.com','#SIlover2023',NULL),
      ('1010406232401','0639764384','พจมาน','สว่างส่องแสง','nuPodSavang2012@hotmail.com','Bansaitong44',NULL),    
      ('1103406860811','0897718884','ดาวพระศุกร์','วงศ์ผู้ดีกว่า','daoprasuk.V@ku.th','Dy_089771884','yes'),
      ('1210336865902','0953267949','ระวีโชติช่วง','มีเกิบ','KUravi.s@ku.th','Admin#123','yes');

-- พนักงานของโรงแรม
INSERT INTO Employee (empid_card, role_id, emp_phone_number, emp_first_name, emp_last_name, emp_email, emp_password, income)
VALUES
    ('5410401000100', 1,'1234567890','John','Doe','john@gmail.com','123456',10000),
    ('5410401000101', 2,'2345678901','Alice','Zhang','alice@gmail.com','123456',9000), 
    ('5410401000102', 3,'3456789012','Bob','Smith','bob@gmail.com','123456',15000),
    ('5410401000103', 4,'4567890123','Ong','Sittipong','ong22280@gmail.com','123456',23500),
    ('5410401000104', 5,'5678901234','Kittipong','Sittipong','kit@gmail.com','123456',62300),
    ('5410401000105', 6,'6789012345','James','Cameron','jame@gmail.com','123456',65300),
    ('5410401000106', 7,'7890123456','Art','anon','art@gmail.com','123456',70800),
    ('5410401000107', 8,'8901234567','Vee','Huang','vee@gmail.com','123456',50999),
    ('5410401000108', 9,'9012345678','ton','anon','ton@gmail.com','123456',30000),
    ('5410401000109', 10,'0123456789','Pong','Rattanaporn','pong@gmail.com','123456',45000);

-- บทบาทของพนักงาน
INSERT INTO Role(role_title)
VALUES
    ('Admin'),
    ('Conciege'),
    ('Reservations agent'),
    ('Front desk agent'),
    ('Housekeeping'),
    ('Maintenance'),
    ('Manager'),
    ('Vendor'),
    ('Contractor'),
    ('Accountant');

-- ห้องพัก
INSERT INTO Room (room_id, room_type_id, room_number, room_status)
VALUES 
    (1, 1, 101, 'Available'),
    (2, 2, 102, 'Unavailable'),
    (3, 3, 103, 'Available'),
    (4, 1, 201, 'Unavailable'),
    (5, 2, 202, 'Available'),
    (6, 3, 203, 'Unavailable'),
    (7, 1, 301, 'Available'),
    (8, 2, 302, 'Unavailable'),
    (9, 3, 303, 'Available'),
    (10, 1, 401, 'Unavailable');

-- ประเภทของห้องพัก
INSERT INTO RoomType (room_type, room_price, room_image, room_description)
VALUES
    ("Superior", 1000, "https://www.kuhome.ku.ac.th/images/roomtype/640x480/superior/cover.jpg", "สะดวกสบายและตกแต่งอย่างดีพร้อมสิ่งอำนวยความสะดวกที่ทันสมัย"),
    ("Deluxe", 1200, "https://www.kuhome.ku.ac.th/images/roomtype/640x480/deluxe/cover.jpg", "เฟอร์นิเจอร์หรูหราพร้อม มอบความสะดวกสบายและสิ่งอำนวยความสะดวกในระดับที่สูงขึ้นเมื่อเทียบกับห้องซูพีเรียร์"),
    ("Suite", 1800, "https://www.kuhome.ku.ac.th/images/roomtype/640x480/suite/cover.jpg", "กว้างขวางและหรูหรา การตกแต่งระดับไฮเอนด์ พื้นที่นั่งเล่นแยกเป็นสัดส่วน และสิ่งอำนวยความสะดวกเพิ่มเติม");

-- การจองห้องพัก
INSERT INTO Booking (booking_id, room_id, uid_card, booking_date, check_in_date, check_out_date, number_of_resident, booking_status)
VALUES 
    (0001, 1, '1010406232401', '2021-06-25 16:51:28', '2021-07-09 06:15:36', '2021-08-07 03:28:54', 2, 'Success'),
    (0002, 2, '1103406860811', '2021-04-12 11:50:41', '2021-04-21 07:34:05', '2021-05-11 14:17:13', 1, 'Failed'),
    (0003, 3, '1210336865902', '2022-02-01 14:55:34', '2022-02-15 08:16:20', '2022-03-08 13:17:59', 1, 'Success'),
    (0004, 4, '1410406860001', '2021-12-26 22:31:10', '2022-01-07 06:10:18', '2022-02-02 15:23:45', 2, 'Success'),
    (0005, 5, '6410406878000', '2021-01-06 10:11:47', '2021-01-20 03:44:20', '2021-02-17 02:48:09', 2, 'Success'),
    (0006, 6, '1010406232401', '2021-05-24 21:58:39', '2021-06-06 16:36:33', '2021-07-01 09:05:16', 1, 'Failed'),
    (0007, 7, '1103406860811', '2020-10-13 06:56:23', '2020-10-23 04:49:05', '2020-11-16 01:51:12', 2, 'Success'),
    (0008, 8, '1210336865902', '2021-02-26 03:43:58', '2021-03-10 10:53:20', '2021-04-01 09:46:39', 2, 'Success'),
    (0009, 9, '1410406860001', '2021-08-06 07:02:21', '2021-08-19 03:56:34', '2021-09-09 05:48:17', 1, 'Success'),
    (0010, 10, '6410406878000', '2020-12-18 09:43:25', '2020-12-31 23:27:23', '2021-01-28 16:54:28', 2, 'Failed');

-- ใบเสร็จ
INSERT INTO Bill (invoice_id, uid_card, booking_id, payment_date, if_late_payment, expire_date, discount_amount) 
VALUES 
    (0001, '1010406232401', 1, '2021-06-25 17:29:32', false, '2021-06-25 17:51:28', 0),
    (0002, '1103406860811', 2, NULL, true, '2021-04-12 12:50:41', 200),
    (0003, '1210336865902', 3, '2022-02-01 14:58:12', false, '2022-02-01 15:55:34', 300),
    (0004, '1410406860001', 4, '2021-12-26 22:33:10', false, '2021-12-26 23:31:10', 0),
    (0005, '6410406878000', 5, '2021-01-06 11:08:47', false, '2021-01-06 11:11:47', 200),
    (0006, '1010406232401', 6, NULL, true, '2021-05-24 22:58:39', 0),
    (0007, '1103406860811', 7, '2020-10-13 07:01:23', false, '2020-10-13 07:56:23', 200),
    (0008, '1210336865902', 8, '2021-02-26 04:40:58', false, '2021-02-26 04:43:58', 200),
    (0009, '1410406860001', 9, '2021-08-06 07:30:21', false, '2021-08-06 08:02:21', 0),
    (0010, '6410406878000', 10, '2020-12-18 09:59:25', false, '2020-12-18 10:43:25', 200);

-- รีวิว
INSERT INTO Review (uid_card, room_id, rating, comment)
VALUES
    ('1010406232401', 1, 5, "ห้องพักกว้าง สะอาด ที่ตั้งเหมาะสำหรับคนที่จะเดินทางมาทำธุระที่ม.เกษตรศาสตร์"),
    ('1103406860811', 1, 5, "ห้องพักกว้าง สะดวกสบาย"),
    ('1210336865902', 2, 4.5, "หัองกว้างมาก สะอาด สิ่งอำนวยความสะดวกพร้อม"),
    ('1410406860001', 2, 4.3, "ห้องพักกว้าง สะอาด เดินทางสะดวก"),
    ('1410406860001', 3, 4, "การเดินทางสะดวก อาหารอร่อย"),
    ('1210336865902', 3, 3.2, "สะดวก แต่ราคาสูงเกินไป แก้ไขห้องน้ำผ้าม่านเก่ามาก"),
    ('1210336865902', 4, 3, "หากมาทำธุระในมหาวิทยาลัยถือว่าสะดวก แต่อาจตั้งบริการตัวเอง ยกกระเป๋าเอง หาที่จอดรถเอง ถ้าพอรับได้ก็โอเคเพราะราคาถือว่าไม่แพง หากเทียบราคาที่พักในระแวกนั้น"),
    ('1010406232401', 4, 2.9, "ห้องน้ำมีขนาดเล็ก อาหารเช้ามีน้อยอย่าง พนักงานบริการในห้องอาหารน้อย"),
    ('6410406878000', 5, 2.6, "ทำเลดีอย่างเดียวในห้องน้ำมีผมคน"),
    ('6410406878000', 2, 2.4, "พนักงานที่เคาเตอร์พูดจาแย่มาก"),
    ('1010406232401', 6, 2, "ทำเลที่พักดี ผ้าเช็ดตัวค่อนข้างเก่า และผ้าปูเตียงสกปรก"),
    ('1103406860811', 7, 1, "ข้อเสีย โรงแรมเก่าแล้ว มีคราบตะไคร่ในห้องน้ำ พื้นระเบียงมีฝุ่นเยอะ ราคาสูง เมื่อเทียบกับที่พักบริเวณใกล้เคียง ค่าซักรีดแพง ข้อดี อยู๋ใน ม เกษตร เดินทางง่าย พนักงานต้อนรับดี อาหารอร่อย"),
    ('1210336865902', 8, 1, "ห้องนํ้าสกปรก แถมราคายังแพงอีก"),
    ('1410406860001', 9, 1, "ห้องพักเก่าและอับมาก"),
    ('1410406860001', 10, 0.5, "ผ้าปูที่นอน และผ้าห่มเก่ามากและสกปรก");